season,team,source_name,rank,adjoe,adjde,adj_em,barthag,sos_adj,luck,wab,adj_t
2026,Michigan Wolverines,Michigan,1,128.7006,92.2911,36.4095,0.978631,0.796027,0.075942,14.192,71.0253
2026,Arizona Wildcats,Arizona,2,127.2393,91.3468,35.8925,0.978357,0.726485,0.097248,13.9179,70.0021
2026,Duke Blue Devils,Duke,3,127.1278,91.4066,35.7211,0.97798,0.734238,0.083215,13.6346,65.8487
2026,Houston Cougars,Houston,4,125.7474,91.5052,34.2421,0.974805,0.729842,-0.008444,9.2219,63.3208
2026,Florida Gators,Florida,5,126.7411,92.4604,34.2807,0.974086,0.743008,-0.039035,8.6849,70.2806
2026,Illinois Fighting Illini,Illinois,6,132.3574,98.1067,34.2507,0.969042,0.736713,-0.045567,6.7831,65.6816
2026,Iowa State Cyclones,Iowa St.,7,124.3049,92.6872,31.6177,0.966925,0.688823,-0.011966,7.6947,67.1841
2026,Purdue Boilermakers,Purdue,8,133.5955,100.4496,33.1459,0.963713,0.76948,0.005436,9.4568,64.4788
2026,UConn Huskies,Connecticut,9,123.3828,95.631,27.7518,0.949316,0.708807,0.077723,9.1707,64.6474
2026,Michigan State Spartans,Michigan St.,10,123.4382,95.8905,27.5476,0.94805,0.749298,0.06025,7.628,66.1395
2026,St. John's Red Storm,St. John's,11,120.4111,93.7112,26.6999,0.946999,0.731169,0.031327,7.4846,69.5355
2026,Texas Tech,Texas Tech,12,127.0306,99.1272,27.9034,0.945436,0.760273,-0.002712,5.2713,66.2426
2026,Tennessee Volunteers,Tennessee,13,121.4279,94.9787,26.4492,0.944021,0.730862,-0.045261,4.2326,65.183
2026,Vanderbilt Commodores,Vanderbilt,14,127.7312,100.1769,27.5543,0.942372,0.742819,0.021078,7.4307,68.7392
2026,Nebraska Cornhuskers,Nebraska,15,117.7091,93.143,24.5661,0.936548,0.699107,0.10593,7.7105,66.5416
2026,Virginia Cavaliers,Virginia,16,122.3146,96.8304,25.4843,0.936244,0.67217,0.08364,7.8015,65.5702
2026,Gonzaga Bulldogs,Gonzaga,17,119.2748,94.498,24.7768,0.935703,0.623651,0.068103,7.2773,68.676
2026,Alabama Crimson Tide,Alabama,18,129.6339,102.9752,26.6587,0.933863,0.785999,0.049622,6.6969,73.071
2026,Arkansas Razorbacks,Arkansas,19,128.1375,102.0019,26.1356,0.932346,0.741575,0.079845,7.6732,71.1438
2026,Louisville Cardinals,Louisville,20,123.5606,98.4375,25.1232,0.931762,0.713698,-0.02726,3.9205,69.6723
2026,Kansas Jayhawks,Kansas,21,117.7572,93.9567,23.8005,0.930642,0.784216,0.049695,6.5154,67.6754
2026,Wisconsin Badgers,Wisconsin,22,126.842,101.8055,25.0365,0.926123,0.734703,0.012084,5.6078,68.7432
2026,Ohio State Buckeyes,Ohio St.,23,124.55,101.5702,22.9797,0.912576,0.730967,-0.02843,3.0869,66.0499
2026,UCLA Bruins,UCLA,24,124.2865,101.3788,22.9077,0.912363,0.71541,0.025363,3.8125,64.7948
2026,Iowa Hawkeyes,Iowa,25,123.0398,100.3924,22.6474,0.912084,0.698367,-0.015876,2.1722,62.8198
2026,Utah State Aggies,Utah St.,26,123.5968,102.2924,21.3044,0.898044,0.648245,0.063715,4.2791,67.609
2026,North Carolina Tar Heels,North Carolina,27,120.7728,99.9763,20.7965,0.897821,0.703994,0.059499,4.8771,67.9426
2026,Saint Mary's,Saint Mary's,28,117.8663,97.9449,19.9213,0.893706,0.599337,0.046111,3.8937,65.0108
2026,Cincinnati Bearcats,Cincinnati,29,112.5424,93.7487,18.7937,0.891019,0.68288,-0.111476,-1.7739,67.6639
2026,Kentucky Wildcats,Kentucky,30,120.1199,100.0751,20.0447,0.890859,0.739301,0.052769,3.421,68.2332
2026,Santa Clara Broncos,Santa Clara,31,124.8481,104.4089,20.4392,0.886552,0.612083,-0.003875,2.028,69.1694
2026,Indiana Hoosiers,Indiana,32,121.9861,102.0234,19.9627,0.886463,0.704419,-0.05581,-0.1596,66.2194
2026,Miami Hurricanes,Miami FL,33,120.9817,101.3131,19.6686,0.884971,0.641231,0.076448,3.7677,67.9288
2026,BYU Cougars,BYU,34,124.324,104.3198,20.0042,0.882617,0.751741,0.074248,4.8251,69.7029
2026,Clemson Tigers,Clemson,35,116.6175,98.0681,18.5494,0.879979,0.683894,0.033987,3.1174,64.0609
2026,Villanova Wildcats,Villanova,36,119.7714,100.8549,18.9165,0.878347,0.714566,0.071764,4.1779,65.0245
2026,Oklahoma Sooners,Oklahoma,37,125.4403,106.0315,19.4088,0.873589,0.697754,-0.04477,-0.3077,66.2157
2026,Saint Louis Billikens,Saint Louis,38,120.4249,101.7969,18.628,0.87353,0.546787,0.048364,2.2566,70.9713
2026,Texas A&M Aggies,Texas A&M,39,119.5162,101.0827,18.4335,0.87285,0.687578,0.032294,1.7131,70.6613
2026,Texas Longhorns,Texas,40,123.5668,104.917,18.6497,0.867787,0.68865,0.022337,-0.1976,66.8028
2026,NC State Wolfpack,N.C. State,41,123.0062,104.4582,18.548,0.867571,0.720152,-0.031555,0.3313,69.0657
2026,Georgia Bulldogs,Georgia,42,123.6738,105.31,18.3638,0.863951,0.676409,0.050588,2.7734,72.1615
2026,Auburn Tigers,Auburn,43,123.9461,106.2078,17.7383,0.855223,0.749644,0.005384,0.3639,67.3422
2026,San Diego State Aztecs,San Diego St.,44,112.3322,96.28,16.0522,0.854867,0.646542,-0.002283,0.1649,68.5922
2026,VCU Rams,VCU,45,118.4004,102.0516,16.3488,0.846684,0.595568,0.076855,2.1973,68.5926
2026,Baylor Bears,Baylor,46,123.7858,106.7068,17.079,0.846496,0.70814,-0.055896,-1.901,67.8401
2026,Missouri Tigers,Missouri,47,119.632,103.2187,16.4133,0.845151,0.683726,0.033035,1.3389,66.3949
2026,TCU Horned Frogs,TCU,48,114.7231,99.0151,15.708,0.844666,0.688352,0.095269,2.6041,67.509
2026,SMU Mustangs,SMU,49,122.7473,106.052,16.6953,0.843074,0.708466,-0.01416,-0.0807,68.4887
2026,South Florida,South Florida,50,116.6541,101.422,15.2322,0.833289,0.559061,0.007336,-0.0808,71.3961
2026,New Mexico Lobos,New Mexico,51,117.4713,102.4866,14.9847,0.827686,0.595298,0.024559,-0.1847,69.9191
2026,Florida State Seminoles,Florida St.,52,119.2412,104.177,15.0642,0.825369,0.671874,-0.026463,-1.8095,70.6443
2026,Washington Huskies,Washington,53,116.7825,102.2975,14.4849,0.820967,0.726607,-0.046974,-2.7601,67.0687
2026,Grand Canyon Lopes,Grand Canyon,54,111.2754,97.5747,13.7006,0.819206,0.583167,-0.053865,-2.8127,68.0044
2026,Boise State Broncos,Boise St.,55,118.2712,103.83,14.4412,0.817214,0.645181,-0.018293,-1.9035,65.7335
2026,Virginia Tech Hokies,Virginia Tech,56,117.5204,103.4745,14.0459,0.812112,0.676459,0.015098,-0.9239,67.2156
2026,UCF Knights,UCF,57,119.5643,105.33,14.2343,0.81118,0.717565,0.107065,2.3653,69.2413
2026,Minnesota Golden Gophers,Minnesota,58,116.0051,102.2142,13.7909,0.810841,0.68295,-0.073795,-3.7549,62.6696
2026,Seton Hall Pirates,Seton Hall,59,108.9527,96.3319,12.6208,0.804682,0.679052,0.054468,-0.0286,65.1627
2026,Arizona State Sun Devils,Arizona St.,60,115.3192,102.3654,12.9538,0.797426,0.746303,0.038871,-0.7552,69.2256
2026,Stanford Cardinal,Stanford,61,116.9356,103.9494,12.9862,0.794745,0.677994,0.037432,-0.9213,67.0088
2026,Northwestern Wildcats,Northwestern,62,116.5277,103.6412,12.8865,0.793758,0.72805,-0.039422,-3.4283,65.1296
2026,West Virginia Mountaineers,West Virginia,63,108.629,96.6523,11.9767,0.79305,0.657238,0.006724,-1.7203,62.4821
2026,Ole Miss Rebels,Mississippi,64,114.1319,101.8321,12.2998,0.787738,0.719318,-0.053438,-4.31,66.1195
2026,Dayton Flyers,Dayton,65,112.099,100.1609,11.9381,0.784984,0.604567,0.060406,-1.0527,66.7498
2026,USC,USC,66,113.2798,101.5215,11.7584,0.779077,0.703505,0.057991,-0.6621,70.7504
2026,Tulsa Golden Hurricane,Tulsa,67,120.7437,108.3829,12.3609,0.775913,0.490895,0.05081,-0.8938,67.852
2026,McNeese Cowboys,McNeese St.,68,113.5514,102.0061,11.5452,0.774353,0.441974,0.077705,0.8706,66.003
2026,LSU Tigers,LSU,69,118.9305,106.907,12.0235,0.77306,0.682275,-0.051576,-4.2425,66.6487
2026,Wake Forest Demon Deacons,Wake Forest,70,117.993,106.1646,11.8284,0.771147,0.691216,0.00418,-2.9514,68.3052
2026,California Golden Bears,California,71,114.1281,102.6905,11.4376,0.771081,0.612648,0.06555,-0.6818,67.9846
2026,Butler Bulldogs,Butler,72,117.2778,105.5284,11.7495,0.771007,0.687145,-0.032157,-3.9893,68.9101
2026,Akron Zips,Akron,73,117.6077,106.1517,11.456,0.764693,0.405741,0.050557,-0.1586,70.1758
2026,Providence Friars,Providence,74,120.8948,109.134,11.7608,0.7644,0.699036,-0.049789,-4.8438,71.335
2026,George Washington Revolutionaries,George Washington,75,117.9953,106.6798,11.3155,0.761215,0.529985,-0.118552,-7.2781,69.2794
2026,Colorado Buffaloes,Colorado,76,118.1517,106.8795,11.2722,0.760073,0.705277,0.020005,-2.4936,68.6095
2026,Marquette Golden Eagles,Marquette,77,111.7904,101.1447,10.6457,0.759665,0.71163,-0.121795,-7.1717,69.2264
2026,Oklahoma State Cowboys,Oklahoma St.,78,118.806,107.5478,11.2582,0.758579,0.705451,0.089981,-0.5284,72.3265
2026,Nevada Wolf Pack,Nevada,79,114.3875,103.5948,10.7926,0.757624,0.626597,0.061207,-1.745,66.0085
2026,Georgetown Hoyas,Georgetown,80,114.023,103.2823,10.7407,0.757265,0.692076,-0.030615,-4.6347,66.2293
2026,Northern Iowa,Northern Iowa,81,109.3347,99.329,10.0056,0.750956,0.511171,-0.061945,-5.353,62.1443
2026,Belmont Bruins,Belmont,82,119.8436,109.2242,10.6193,0.74403,0.461283,0.075179,-0.6672,68.9739
2026,Syracuse Orange,Syracuse,83,115.0194,104.9533,10.0661,0.741396,0.676281,-0.032922,-4.5126,67.3926
2026,Creighton Bluejays,Creighton,84,114.9084,105.2591,9.6492,0.732759,0.715697,0.008076,-3.7851,67.3702
2026,Wichita State Shockers,Wichita St.,85,110.9372,101.654,9.2832,0.732037,0.519472,0.006198,-3.7282,66.535
2026,High Point Panthers,High Point,86,116.4386,106.9319,9.5067,0.727005,0.319845,0.044832,-1.2942,69.9877
2026,Miami (OH) RedHawks,Miami OH,87,116.8318,107.6422,9.1896,0.719526,0.376474,0.174933,2.5405,69.661
2026,Stephen F. Austin,Stephen F. Austin,88,112.5962,103.9316,8.6646,0.715217,0.387914,0.066641,-0.7068,65.8112
2026,Hofstra Pride,Hofstra,89,113.2547,104.7811,8.4735,0.709777,0.447709,-0.016067,-4.4968,64.674
2026,Colorado State Rams,Colorado St.,90,117.8112,109.0879,8.7233,0.707792,0.59076,0.039586,-2.7142,63.0426
2026,Oregon Ducks,Oregon,91,111.8563,103.5969,8.2594,0.707265,0.736513,-0.044269,-6.1108,65.9577
2026,Saint Joseph's Hawks,Saint Joseph's,92,108.5266,100.6338,7.8928,0.704399,0.513313,0.039726,-3.6716,68.0548
2026,Yale Bulldogs,Yale,93,118.336,109.8706,8.4654,0.701318,0.433881,0.051295,-1.289,64.7407
2026,Utah Valley Wolverines,Utah Valley,94,112.1518,104.2126,7.9392,0.699378,0.437607,0.020546,-2.7415,68.5483
2026,Xavier Musketeers,Xavier,95,117.3452,109.3192,8.0259,0.69312,0.717011,0.021749,-4.77,70.3192
2026,Wyoming Cowboys,Wyoming,96,114.6648,106.981,7.6839,0.689475,0.571532,-0.025705,-5.1488,66.3356
2026,Kansas State Wildcats,Kansas St.,97,113.0153,105.7008,7.3145,0.683407,0.713159,-0.039847,-6.388,72.6815
2026,Davidson Wildcats,Davidson,98,110.5621,103.4831,7.079,0.681558,0.531645,-0.021109,-5.457,63.705
2026,South Carolina Gamecocks,South Carolina,99,111.8323,104.7313,7.1009,0.680141,0.668157,-0.041143,-6.0467,66.3378
2026,DePaul Blue Demons,DePaul,100,106.8606,100.0843,6.7764,0.679919,0.650083,0.014899,-4.9251,66.4515
2026,Mississippi State Bulldogs,Mississippi St.,101,112.8935,105.7667,7.1268,0.679158,0.723204,0.002585,-5.4753,69.523
2026,Notre Dame Fighting Irish,Notre Dame,102,114.969,107.7373,7.2317,0.678549,0.684799,-0.020984,-5.6623,66.064
2026,UNLV Rebels,UNLV,103,115.7852,108.7371,7.0481,0.673101,0.6237,0.02031,-5.7889,69.917
2026,Cal Baptist,Cal Baptist,104,106.858,100.4291,6.4288,0.671186,0.456153,0.068959,-2.3831,66.0128
2026,Pittsburgh Panthers,Pittsburgh,105,112.5829,105.8453,6.7375,0.670329,0.697499,-0.037241,-7.2914,63.6859
2026,Seattle,Seattle,106,101.9122,96.1481,5.7641,0.661404,0.504121,-0.003783,-5.5453,67.7806
2026,Illinois State Redbirds,Illinois St.,107,109.1779,103.0247,6.1532,0.660856,0.492778,-0.004032,-5.8484,66.7757
2026,Sam Houston St.,Sam Houston St.,108,114.3604,108.1776,6.1828,0.654567,0.46886,0.00399,-5.1423,70.116
2026,Maryland Terrapins,Maryland,109,111.9062,105.8654,6.0408,0.654338,0.736559,0.009004,-5.2083,66.3354
2026,Pacific Tigers,Pacific,110,110.2065,104.4678,5.7388,0.649079,0.516102,-0.039756,-6.9329,64.4225
2026,Utah Utes,Utah,111,114.9764,109.4505,5.5259,0.637938,0.722971,-0.067487,-8.5931,66.3028
2026,Illinois Chicago,Illinois Chicago,112,109.787,104.6421,5.1449,0.63459,0.493747,-0.062695,-8.6008,66.3948
2026,St. Thomas,St. Thomas,113,112.8678,107.5866,5.2812,0.63439,0.350557,-0.023766,-5.0609,68.4118
2026,Rutgers Scarlet Knights,Rutgers,114,111.0496,105.8661,5.1835,0.634072,0.685877,0.024632,-5.0845,66.7019
2026,UC Irvine Anteaters,UC Irvine,115,103.7821,99.0749,4.7072,0.630369,0.445485,-0.008166,-5.9786,68.2293
2026,UTRGV Vaqueros,UT Rio Grande Valley,116,111.5076,106.4985,5.0091,0.629147,0.42362,-0.082987,-7.9685,66.414
2026,Liberty Flames,Liberty,117,117.8644,112.6341,5.2303,0.627613,0.443702,0.115317,-2.0267,63.9369
2026,George Mason Patriots,George Mason,118,110.9795,106.1542,4.8253,0.625089,0.513777,0.09596,-2.5779,63.6465
2026,Duquesne Dukes,Duquesne,119,111.1442,106.4654,4.6788,0.621188,0.523664,-0.021747,-7.0904,68.8515
2026,North Dakota State Bison,North Dakota St.,120,111.0018,106.4873,4.5145,0.617154,0.349322,0.052135,-3.4032,66.5869
2026,Hawaii Rainbow Warriors,Hawaii,121,106.6935,102.4531,4.2403,0.614526,0.406703,0.047743,-3.8218,69.654
2026,Wright State Raiders,Wright St.,122,113.2045,109.0437,4.1608,0.606027,0.415023,-0.00519,-6.3957,66.9527
2026,Florida Atlantic,Florida Atlantic,123,109.6274,105.843,3.7843,0.599647,0.508525,-0.026133,-8.1983,69.8077
2026,UC San Diego Tritons,UC San Diego,124,106.1333,102.5418,3.5915,0.5977,0.431919,0.032427,-5.9468,67.2116
2026,UNC Wilmington,UNC Wilmington,125,110.3951,106.8311,3.564,0.593244,0.372365,0.097207,-2.694,64.9149
2026,San Francisco Dons,San Francisco,126,113.1058,109.7266,3.3791,0.586329,0.559501,0.008463,-7.1345,65.9475
2026,Fresno St.,Fresno St.,127,107.1535,103.9861,3.1674,0.585418,0.583226,-0.083787,-10.0932,68.2583
2026,Toledo,Toledo,128,114.5886,111.261,3.3276,0.583923,0.450834,-0.050234,-8.9194,67.8991
2026,Washington State Cougars,Washington St.,129,114.0367,110.9007,3.1361,0.579491,0.588172,-0.104568,-11.4589,67.9264
2026,Memphis Tigers,Memphis,130,107.9925,105.0236,2.9689,0.579466,0.610949,-0.051621,-9.531,69.9538
2026,Southern Illinois,Southern Illinois,131,102.4229,99.6319,2.791,0.578769,0.49828,-0.057172,-9.5406,68.9957
2026,Montana State Bobcats,Montana St.,132,110.7925,107.7809,3.0116,0.578573,0.439084,-0.044555,-8.2025,65.9048
2026,UC Santa Barbara Gauchos,UC Santa Barbara,133,113.3616,110.3826,2.979,0.575968,0.430558,-0.065592,-9.2171,64.3438
2026,UAB Blazers,UAB,134,108.5995,106.105,2.4945,0.566413,0.475862,0.043529,-6.0814,69.3112
2026,Murray State Racers,Murray St.,135,114.8107,112.4986,2.3121,0.558223,0.517464,0.075351,-5.4633,71.8539
2026,Penn State Nittany Lions,Penn St.,136,113.7797,111.7147,2.065,0.552465,0.687489,0.020139,-6.9603,67.546
2026,Boston College Eagles,Boston College,137,103.6074,101.7686,1.8388,0.551301,0.617175,-0.074321,-10.0394,65.9697
2026,North Texas Mean Green,North Texas,138,103.2122,101.3813,1.8309,0.551278,0.48854,0.023295,-7.2886,65.0087
2026,Northern Colorado,Northern Colorado,139,112.117,110.1323,1.9847,0.551169,0.400654,-0.003055,-7.1277,68.4769
2026,Kennesaw State Owls,Kennesaw St.,140,110.8101,108.9621,1.8481,0.548202,0.437893,0.003087,-7.8297,71.1285
2026,Bradley Braves,Bradley,141,110.8736,109.0548,1.8187,0.547409,0.494039,0.06597,-6.0569,67.2573
2026,Idaho Vandals,Idaho,142,107.8457,106.2617,1.584,0.542439,0.428539,-0.007463,-8.9579,67.4786
2026,Central Arkansas,Central Arkansas,143,109.6087,108.0541,1.5545,0.540974,0.357243,-0.011667,-6.5116,67.9276
2026,Temple,Temple,144,111.8796,110.3204,1.5592,0.540262,0.468391,-0.067916,-10.1499,64.8928
2026,Penn,Penn,145,107.564,106.1213,1.4427,0.538744,0.484023,0.055631,-5.8276,69.0088
2026,Robert Morris Colonials,Robert Morris,146,110.1453,108.7385,1.4067,0.536888,0.393812,0.034499,-6.4775,64.5557
2026,Rhode Island,Rhode Island,147,104.4631,103.1648,1.2983,0.535893,0.522957,-0.009927,-9.0767,65.85
2026,St. Bonaventure,St. Bonaventure,148,113.3981,112.0247,1.3734,0.534976,0.526544,-0.008786,-9.6156,67.1666
2026,Arkansas St.,Arkansas St.,149,109.9025,108.6365,1.2659,0.533259,0.392042,-0.001603,-7.3105,72.1704
2026,Navy Midshipmen,Navy,150,106.9866,105.8673,1.1193,0.5302,0.265403,0.021222,-4.1617,65.1476
2026,Troy Trojans,Troy,151,110.1181,109.1,1.0181,0.52668,0.41836,0.057674,-6.0471,64.9508
2026,Cornell Big Red,Cornell,152,119.9374,119.0278,0.9096,0.521873,0.418076,-0.044819,-8.1964,71.4017
2026,Bowling Green,Bowling Green,153,105.9702,105.1892,0.781,0.521254,0.390052,-0.063955,-9.591,68.254
2026,Middle Tennessee,Middle Tennessee,154,109.8547,109.1231,0.7316,0.5192,0.475164,-0.008866,-8.6253,65.5742
2026,Loyola Marymount,Loyola Marymount,155,106.3797,105.7617,0.618,0.516745,0.508529,-0.046247,-10.2418,67.2224
2026,William & Mary Tribe,William & Mary,156,110.5467,109.9861,0.5607,0.514615,0.405861,0.029597,-6.9204,72.656
2026,Eastern Washington,Eastern Washington,157,113.0974,112.5762,0.5212,0.513277,0.490333,-0.082036,-12.1631,67.8038
2026,Austin Peay,Austin Peay,158,108.7681,108.2675,0.5006,0.513259,0.32982,0.046225,-5.1811,69.214
2026,Richmond,Richmond,159,110.7534,110.2689,0.4845,0.512601,0.492751,-0.058814,-10.579,67.5874
2026,Harvard,Harvard,160,105.384,105.0364,0.3476,0.509497,0.404946,-0.001012,-7.3754,63.1266
2026,Merrimack,Merrimack,161,106.4177,106.1785,0.2392,0.50647,0.377507,0.064003,-6.0578,63.5147
2026,Siena Saints,Siena,162,108.3018,108.1409,0.1608,0.504273,0.325665,-0.009045,-7.5652,64.5691
2026,Western Kentucky Hilltoppers,Western Kentucky,163,108.3396,108.2965,0.0431,0.501144,0.460593,0.020784,-8.423,69.9068
2026,Georgia Tech Yellow Jackets,Georgia Tech,164,106.6581,106.7828,-0.1247,0.496642,0.611443,-0.053911,-9.77,70.914
2026,Oregon St.,Oregon St.,165,109.2495,109.3822,-0.1327,0.496511,0.575896,0.078385,-7.6867,65.2366
2026,Portland State Vikings,Portland St.,166,102.8505,103.0246,-0.1741,0.495137,0.404017,0.063557,-6.3348,67.7921
2026,Valparaiso Beacons,Valparaiso,167,107.3636,107.5483,-0.1847,0.495059,0.484088,0.029137,-8.3442,65.1415
2026,Monmouth Hawks,Monmouth,168,106.6139,106.8453,-0.2314,0.493766,0.420683,-0.009851,-9.8301,66.9086
2026,Winthrop Eagles,Winthrop,169,110.672,110.9132,-0.2412,0.493742,0.364898,0.053374,-5.4134,69.9291
2026,UC Davis Aggies,UC Davis,170,106.6956,107.0186,-0.3229,0.491312,0.448798,0.033644,-8.4995,68.866
2026,Kent St.,Kent St.,171,109.8719,110.276,-0.4041,0.489448,0.429268,0.140244,-3.8082,70.5346
2026,Montana Grizzlies,Montana,172,107.0142,107.5,-0.4858,0.486982,0.429432,-0.03205,-10.0923,69.509
2026,Fordham Rams,Fordham,173,103.5868,104.1126,-0.5258,0.485447,0.430237,-0.039351,-9.0734,64.2137
2026,Towson Tigers,Towson,174,104.3402,104.9113,-0.5711,0.484311,0.43574,0.006581,-8.8211,63.4063
2026,Cal State Northridge Matadors,Cal St. Northridge,175,108.6944,109.3479,-0.6534,0.482775,0.449421,0.054823,-8.3754,73.457
2026,Charlotte,Charlotte,176,112.9024,113.626,-0.7235,0.481642,0.50082,0.007867,-10.0495,63.3653
2026,FIU Panthers,FIU,177,107.8398,108.5551,-0.7154,0.481,0.43897,-0.08396,-11.2857,71.6291
2026,Massachusetts,Massachusetts,178,109.8903,110.66,-0.7697,0.479943,0.41138,-0.064052,-11.3676,70.1944
2026,Northern Kentucky Norse,Northern Kentucky,179,109.1224,110.0454,-0.923,0.475802,0.380612,-0.007843,-9.3955,70.0156
2026,Oakland Golden Grizzlies,Oakland,180,113.9796,114.9987,-1.0192,0.474429,0.494885,0.018965,-8.1852,69.9975
2026,Green Bay Phoenix,Green Bay,181,113.2517,114.2816,-1.0299,0.473997,0.434163,0.006379,-9.4876,62.9585
2026,Howard Bison,Howard,182,106.1019,107.1882,-1.0864,0.470746,0.249202,-0.045546,-6.7988,69.0036
2026,Texas A&M Corpus Chris,Texas A&M Corpus Chris,183,104.1952,105.3081,-1.1129,0.469492,0.417747,-0.007462,-8.8915,65.9304
2026,Furman Paladins,Furman,184,107.9122,109.0839,-1.1718,0.46899,0.341105,-0.007342,-8.5721,65.9003
2026,Detroit Mercy Titans,Detroit Mercy,185,108.9745,110.4786,-1.5041,0.460672,0.429851,-0.00101,-9.5599,68.8101
2026,South Alabama,South Alabama,186,107.5366,109.1486,-1.612,0.457326,0.364246,0.04167,-7.4113,64.5871
2026,Youngstown State Penguins,Youngstown St.,187,106.4787,108.1116,-1.6329,0.456356,0.390221,-0.099796,-12.3809,67.2615
2026,Louisiana Tech Bulldogs,Louisiana Tech,188,103.4124,105.0622,-1.6498,0.454619,0.410165,0.036956,-9.1473,63.9505
2026,Appalachian St.,Appalachian St.,189,105.4362,107.1335,-1.6973,0.454215,0.354882,-0.005237,-9.0408,62.9947
2026,UMBC Retrievers,UMBC,190,108.2745,110.0422,-1.7676,0.453577,0.23354,-0.011145,-4.9644,66.0569
2026,UT Arlington,UT Arlington,191,101.1307,102.8786,-1.7479,0.450892,0.463674,0.073234,-8.1054,64.8172
2026,East Tennessee St.,East Tennessee St.,192,108.0429,109.9287,-1.8858,0.450417,0.319542,0.031524,-7.2252,66.0357
2026,Campbell,Campbell,193,110.3995,112.3483,-1.9488,0.449863,0.470451,-0.017613,-10.8445,69.8571
2026,New Mexico State Aggies,New Mexico St.,194,108.2008,110.1474,-1.9466,0.448915,0.435122,-0.024297,-11.2689,66.6083
2026,Charleston Cougars,Charleston,195,106.8711,108.8392,-1.9681,0.447729,0.42661,0.122489,-6.1155,67.7361
2026,Utah Tech,Utah Tech,196,111.0688,113.1186,-2.0498,0.447617,0.446978,0.048011,-8.2203,66.4516
2026,Queens,Queens,197,115.0435,117.3438,-2.3003,0.443326,0.401905,0.047125,-6.8526,69.5017
2026,New Orleans Privateers,New Orleans,198,108.7436,111.0323,-2.2887,0.440403,0.487849,0.001264,-10.3671,69.7748
2026,Missouri St.,Missouri St.,199,109.3605,111.7513,-2.3907,0.438145,0.433975,-0.050691,-12.7746,65.2767
2026,Drexel Dragons,Drexel,200,102.7951,105.1864,-2.3913,0.434267,0.392498,-0.040765,-11.63,64.2033
2026,Marist Red Foxes,Marist,201,99.9157,102.3266,-2.4109,0.431878,0.312041,-0.020926,-9.0528,66.2377
2026,Columbia,Columbia,202,107.985,110.6541,-2.6692,0.430257,0.392479,0.020165,-7.6584,66.8265
2026,Portland Pilots,Portland,203,106.014,108.6459,-2.6319,0.429961,0.54284,0.025587,-10.679,68.5255
2026,Jacksonville State Gamecocks,Jacksonville St.,204,105.3967,108.0436,-2.6469,0.429169,0.403577,-0.07163,-12.7025,65.1003
2026,Tulane,Tulane,205,107.5134,110.2174,-2.704,0.429068,0.498943,0.087538,-8.9851,66.8598
2026,Cal State Fullerton Titans,Cal St. Fullerton,206,107.3846,110.1323,-2.7477,0.427869,0.482709,0.074092,-9.4844,72.8606
2026,Mercer,Mercer,207,110.8581,113.9154,-3.0573,0.422417,0.345022,-0.000303,-8.3755,68.954
2026,Weber State Wildcats,Weber St.,208,110.8938,114.1775,-3.2836,0.416884,0.424742,-0.012908,-10.7362,68.5426
2026,James Madison Dukes,James Madison,209,109.1945,112.4385,-3.244,0.416618,0.383941,0.000558,-10.2765,65.9753
2026,La Salle Explorers,La Salle,210,106.2943,109.4787,-3.1845,0.415939,0.595212,-0.059719,-14.3516,65.7774
2026,Indiana State Sycamores,Indiana St.,211,105.6348,109.007,-3.3721,0.410627,0.474943,-0.11221,-14.7427,68.2321
2026,San Jose State Spartans,San Jose St.,212,112.9194,116.6141,-3.6947,0.408479,0.631252,-0.048185,-13.721,64.9915
2026,Rice,Rice,213,109.0031,112.6219,-3.6188,0.407191,0.467625,-0.047428,-12.1668,65.6237
2026,Marshall,Marshall,214,111.981,115.8279,-3.8469,0.404097,0.401505,0.071878,-8.4249,69.4215
2026,Quinnipiac Bobcats,Quinnipiac,215,104.1146,107.7148,-3.6002,0.403491,0.351632,0.019203,-8.3934,70.0993
2026,Western Carolina Catamounts,Western Carolina,216,109.5296,113.7606,-4.231,0.392726,0.378388,-0.056817,-10.565,67.8917
2026,Drake,Drake,217,109.3116,113.5801,-4.2685,0.391618,0.495968,-0.017124,-13.6932,67.0852
2026,Tennessee State Tigers,Tennessee St.,218,107.9583,112.1984,-4.2401,0.391022,0.291855,0.073934,-5.5672,70.4054
2026,Southern Miss Golden Eagles,Southern Miss,219,104.8069,108.9928,-4.1859,0.389275,0.395613,0.032894,-10.8579,69.1079
2026,Cal Poly Mustangs,Cal Poly,220,109.299,113.6657,-4.3667,0.38924,0.480192,-0.004202,-12.5376,74.094
2026,Buffalo,Buffalo,221,111.1781,115.7027,-4.5246,0.387286,0.397238,0.014357,-10.3327,66.5058
2026,San Diego,San Diego,222,108.3298,112.7931,-4.4633,0.385964,0.515998,-0.042581,-13.5531,68.1546
2026,Bethune Cookman,Bethune Cookman,223,104.2433,108.68,-4.4367,0.382411,0.382063,-0.004874,-8.3211,69.0203
2026,South Dakota St.,South Dakota St.,224,107.389,112.3115,-4.9226,0.373924,0.396265,-0.072373,-12.8001,67.0052
2026,Ohio Bobcats,Ohio,225,108.3312,113.4147,-5.0836,0.37113,0.438888,0.001497,-11.5233,68.9032
2026,Stony Brook Seawolves,Stony Brook,226,105.2884,110.244,-4.9556,0.370769,0.398961,0.032294,-10.5361,66.1755
2026,Tarleton St.,Tarleton St.,227,103.2165,108.1081,-4.8915,0.36994,0.435247,-0.038911,-11.932,69.5223
2026,Texas St.,Texas St.,228,104.5502,109.7647,-5.2145,0.363611,0.338528,0.03919,-9.6766,66.1651
2026,Georgia Southern,Georgia Southern,229,110.183,115.9636,-5.7806,0.357085,0.354521,0.045829,-11.8808,70.1166
2026,Samford Bulldogs,Samford,230,107.9664,113.6789,-5.7125,0.355967,0.352271,0.027301,-9.6151,67.3424
2026,Coastal Carolina,Coastal Carolina,231,101.8422,107.4428,-5.6006,0.350774,0.378596,0.104893,-8.7728,67.0863
2026,Lipscomb,Lipscomb,232,105.0551,111.0516,-5.9965,0.345616,0.363834,0.079469,-7.7059,69.4667
2026,Old Dominion,Old Dominion,233,106.3304,112.5048,-6.1745,0.343188,0.421355,-0.083408,-15.2759,68.9076
2026,Saint Peter's,Saint Peter's,234,103.575,109.5975,-6.0225,0.342999,0.341119,0.047505,-8.1636,65.4764
2026,FGCU Eagles,Florida Gulf Coast,235,105.3361,111.5727,-6.2365,0.340408,0.356867,-0.054804,-13.2663,67.6158
2026,LIU Sharks,LIU,236,103.7148,109.8887,-6.1739,0.339625,0.324775,0.131655,-5.6934,67.816
2026,Iona Gaels,Iona,237,104.43,110.687,-6.257,0.33868,0.337486,0.02811,-10.2117,69.152
2026,Denver Pioneers,Denver,238,114.8833,121.8186,-6.9353,0.337582,0.415164,0.001666,-10.9497,68.0304
2026,Radford,Radford,239,106.5447,113.0901,-6.5455,0.335004,0.332862,-0.062087,-11.6619,70.6864
2026,Eastern Michigan Eagles,Eastern Michigan,240,101.6293,107.8932,-6.2639,0.334519,0.469432,-0.077182,-14.6052,66.4981
2026,American Eagles,American,241,105.4194,112.29,-6.8706,0.326055,0.331509,-0.049451,-11.4819,66.7633
2026,Boston University,Boston University,242,111.8964,119.2049,-7.3085,0.32572,0.301222,-0.05124,-13.5742,63.1383
2026,Charleston Southern,Charleston Southern,243,105.2021,112.1023,-6.9002,0.325068,0.326935,-0.065767,-13.1201,71.5725
2026,Nebraska Omaha,Nebraska Omaha,244,106.0109,113.0264,-7.0154,0.323681,0.375215,-0.001721,-12.3476,67.093
2026,Colgate Raiders,Colgate,245,107.565,114.7059,-7.1408,0.323186,0.340019,0.014385,-9.8325,66.8713
2026,Fairfield Stags,Fairfield,246,105.6789,112.7533,-7.0744,0.321875,0.301896,0.062991,-9.6729,67.0649
2026,Central Michigan,Central Michigan,247,106.5228,113.688,-7.1652,0.321119,0.425254,-0.112227,-15.3506,67.0872
2026,Nicholls State Colonels,Nicholls St.,248,104.9527,112.0696,-7.1169,0.319836,0.456215,0.032735,-12.6017,68.2569
2026,Southern Jaguars,Southern,249,106.2678,113.5493,-7.2816,0.318176,0.356853,-0.007599,-10.8328,69.8355
2026,Long Beach State Beach,Long Beach St.,250,104.0561,111.1929,-7.1369,0.318023,0.475701,-0.069431,-15.783,68.4196
2026,UNC Asheville,UNC Asheville,251,104.0205,111.2587,-7.2383,0.315698,0.379781,-0.014032,-12.4665,64.7987
2026,Princeton,Princeton,252,105.0214,112.3498,-7.3283,0.315247,0.457739,-0.078489,-14.7677,63.877
2026,Vermont Catamounts,Vermont,253,105.0189,112.3888,-7.3699,0.314325,0.266708,0.057333,-9.3206,64.7043
2026,Southeast Missouri St.,Southeast Missouri St.,254,101.1148,108.2842,-7.1694,0.312646,0.281034,0.021784,-9.2322,68.9414
2026,Lamar,Lamar,255,102.7702,110.0589,-7.2888,0.3126,0.403244,-0.065361,-13.9477,65.3867
2026,UC Riverside Highlanders,UC Riverside,256,103.5091,111.0316,-7.5226,0.308574,0.476028,-0.059562,-15.3837,68.4659
2026,East Carolina Pirates,East Carolina,257,103.7337,111.3816,-7.6478,0.306179,0.478894,-0.032014,-13.6956,68.6395
2026,Abilene Christian Wildcats,Abilene Christian,258,99.7202,107.2993,-7.5791,0.301025,0.442847,0.020936,-12.747,67.4494
2026,Elon Phoenix,Elon,259,108.1426,116.3883,-8.2457,0.300475,0.403671,0.001451,-13.1037,66.836
2026,Pepperdine Waves,Pepperdine,260,105.6297,113.7759,-8.1462,0.298522,0.526636,-0.053422,-15.2507,68.4221
2026,Purdue Fort Wayne,Purdue Fort Wayne,261,105.1503,113.2969,-8.1466,0.297727,0.431969,0.119284,-9.0761,67.7227
2026,SIU Edwardsville Cougars,SIU Edwardsville,262,98.8624,106.5327,-7.6703,0.297482,0.224323,-0.030616,-10.5882,64.4129
2026,Tennessee Martin,Tennessee Martin,263,97.9709,105.6842,-7.7133,0.294937,0.267281,0.085669,-7.9269,64.3071
2026,Idaho State Bengals,Idaho St.,264,108.5754,117.2916,-8.7161,0.291522,0.437836,-0.006386,-14.2257,65.2435
2026,Wofford Terriers,Wofford,265,108.234,116.9493,-8.7153,0.290983,0.316218,0.074505,-9.3279,67.8294
2026,Longwood,Longwood,266,103.303,111.6722,-8.3692,0.2899,0.300531,-0.047006,-12.5468,68.5318
2026,Southern Utah Thunderbirds,Southern Utah,267,106.1894,114.9223,-8.7329,0.287231,0.474209,-0.041109,-15.615,70.3907
2026,UTEP Miners,UTEP,268,101.2789,109.6903,-8.4113,0.285469,0.453879,-0.02482,-14.7078,65.2296
2026,Milwaukee Panthers,Milwaukee,269,106.3062,115.1541,-8.8479,0.28508,0.462224,0.009356,-13.3937,67.6422
2026,Loyola Chicago Ramblers,Loyola Chicago,270,103.5221,112.2228,-8.7007,0.283319,0.57519,-0.010346,-15.621,65.7702
2026,Mount St. Mary's,Mount St. Mary's,271,99.5284,107.9491,-8.4207,0.282115,0.357102,0.003273,-12.2476,67.8104
2026,Dartmouth,Dartmouth,272,104.6261,113.5011,-8.875,0.281644,0.411457,-0.010165,-11.4468,69.5324
2026,Incarnate Word Cardinals,Incarnate Word,273,108.9046,118.1513,-9.2467,0.281471,0.410184,-0.04604,-13.5443,65.4662
2026,Lindenwood,Lindenwood,274,100.1832,108.8191,-8.6359,0.278705,0.270242,-0.024287,-11.1001,72.4031
2026,North Dakota,North Dakota,275,106.4957,115.7432,-9.2475,0.277359,0.387351,0.062248,-11.3601,67.3173
2026,Delaware,Delaware,276,105.8725,115.1164,-9.2439,0.276348,0.44018,-0.055888,-15.9216,63.154
2026,Sacramento State Hornets,Sacramento St.,277,105.2596,114.4675,-9.2079,0.275997,0.470866,-0.03464,-14.8107,71.6481
2026,Ball St.,Ball St.,278,98.9733,108.2757,-9.3024,0.262493,0.377197,-0.039115,-14.5921,63.6683
2026,South Dakota Coyotes,South Dakota,279,104.2457,114.0911,-9.8454,0.261568,0.353369,0.020607,-11.5798,69.9625
2026,Presbyterian,Presbyterian,280,102.5475,112.3345,-9.787,0.259556,0.349323,-0.001499,-13.5427,64.196
2026,Prairie View A&M Panthers,Prairie View A&M,281,101.4402,111.2415,-9.8013,0.257178,0.313057,-0.000546,-12.4777,70.5148
2026,Western Michigan,Western Michigan,282,107.0831,117.5385,-10.4554,0.255147,0.435326,-0.04794,-15.3219,67.8445
2026,Mercyhurst,Mercyhurst,283,101.446,111.478,-10.0321,0.252662,0.269797,-0.045392,-13.1728,64.6003
2026,UNC Greensboro Spartans,UNC Greensboro,284,108.0952,118.7952,-10.7,0.252473,0.339879,-0.015004,-15.0073,67.6871
2026,Jacksonville,Jacksonville,285,103.6094,114.0087,-10.3993,0.249752,0.382224,-0.041203,-14.7196,63.5364
2026,Brown,Brown,286,97.9797,107.9379,-9.9582,0.247284,0.375622,-0.088125,-14.39,66.6961
2026,Louisiana,Louisiana,287,101.5337,111.8852,-10.3515,0.246671,0.407862,-0.03973,-16.8947,63.2933
2026,Lehigh Mountain Hawks,Lehigh,288,102.0953,112.5571,-10.4618,0.245664,0.308937,0.021743,-11.9184,66.7025
2026,Sacred Heart Pioneers,Sacred Heart,289,107.126,118.2796,-11.1536,0.242499,0.336936,-0.010541,-15.0082,68.4026
2026,Arkansas Pine Bluff,Arkansas Pine Bluff,290,104.902,115.9157,-11.0137,0.240832,0.379582,-0.021521,-12.8881,69.3177
2026,IU Indy,IU Indy,291,106.3024,117.4764,-11.174,0.240594,0.408325,-0.150176,-19.8455,73.6882
2026,East Texas A&M,East Texas A&M,292,100.8318,111.5562,-10.7244,0.238239,0.434433,-0.016183,-14.8256,68.4064
2026,Florida A&M Rattlers,Florida A&M,293,98.9482,109.4723,-10.5241,0.238238,0.321086,0.011384,-11.7416,67.9927
2026,Morehead St.,Morehead St.,294,106.3098,117.6589,-11.3491,0.237493,0.292565,0.105222,-9.0568,65.3221
2026,West Georgia,West Georgia,295,102.2645,113.1824,-10.9179,0.237482,0.338756,0.013959,-12.3826,69.077
2026,Northeastern,Northeastern,296,106.9633,118.4078,-11.4445,0.237042,0.442987,-0.084298,-19.053,69.7502
2026,Southeastern Louisiana,Southeastern Louisiana,297,99.5737,110.2317,-10.658,0.236965,0.444574,-0.044243,-16.3641,65.432
2026,Bellarmine,Bellarmine,298,115.1071,127.7918,-12.6847,0.231084,0.36669,-0.007282,-14.3184,64.6006
2026,USC Upstate,USC Upstate,299,99.4447,110.6899,-11.2451,0.225832,0.355499,-0.037008,-14.0694,67.5931
2026,Grambling State Tigers,Grambling St.,300,96.3659,107.3311,-10.9652,0.224556,0.307173,-0.036255,-14.7738,67.5293
2026,Eastern Kentucky,Eastern Kentucky,301,108.6262,120.9888,-12.3625,0.224519,0.375794,-0.046113,-16.4285,67.2671
2026,Oral Roberts Golden Eagles,Oral Roberts,302,102.3471,114.283,-11.9359,0.219507,0.416068,-0.066046,-17.5747,67.7168
2026,Houston Christian Huskies,Houston Christian,303,101.7664,113.7814,-12.015,0.216973,0.402453,0.012896,-14.7759,64.1083
2026,Hampton Pirates,Hampton,304,100.8061,112.7335,-11.9273,0.216529,0.373779,0.022285,-14.5159,65.4089
2026,Northwestern State Demons,Northwestern St.,305,100.7479,112.6786,-11.9307,0.21635,0.434555,-0.022583,-16.0922,64.8008
2026,Stetson,Stetson,306,105.2387,117.8155,-12.5768,0.214465,0.388673,-0.012802,-15.7361,66.771
2026,Alabama St.,Alabama St.,307,99.8252,111.7829,-11.9577,0.213982,0.366736,-0.085106,-16.4916,69.2914
2026,Alabama A&M,Alabama A&M,308,104.38,116.9042,-12.5242,0.213637,0.275286,0.039787,-11.551,65.2468
2026,Texas Southern,Texas Southern,309,102.0926,114.3473,-12.2547,0.213553,0.338103,-0.054079,-12.9448,68.7218
2026,Chattanooga,Chattanooga,310,105.6318,118.3768,-12.745,0.212486,0.313554,-0.048782,-15.2371,67.0586
2026,Evansville,Evansville,311,102.2623,114.6606,-12.3984,0.211482,0.540515,-0.025997,-17.768,66.9804
2026,North Carolina A&T Aggies,North Carolina A&T,312,104.4728,117.1516,-12.6788,0.211279,0.376284,-0.007489,-15.0352,68.5241
2026,Central Connecticut,Central Connecticut,313,104.5333,117.3321,-12.7988,0.209444,0.251399,0.091791,-9.3454,64.849
2026,Wagner Seahawks,Wagner,314,102.1289,114.9317,-12.8028,0.204536,0.277519,-0.038021,-13.3615,65.4884
2026,Le Moyne,Le Moyne,315,100.9778,113.6462,-12.6684,0.204374,0.278728,-0.001812,-13.6661,69.4835
2026,Cleveland State Vikings,Cleveland St.,316,109.7656,123.6186,-13.8531,0.203133,0.424799,0.009685,-16.7104,69.6123
2026,Georgia St.,Georgia St.,317,99.318,112.1852,-12.8671,0.197662,0.384733,-0.028225,-17.5786,67.9382
2026,Northern Arizona,Northern Arizona,318,105.3746,119.6336,-14.259,0.188546,0.419494,-0.00833,-16.7701,63.7861
2026,Albany Great Danes,Albany,319,103.6822,117.9355,-14.2533,0.185233,0.314881,-0.087673,-17.1944,65.2782
2026,UMass Lowell River Hawks,UMass Lowell,320,102.7967,117.0458,-14.2491,0.183496,0.297371,-0.004176,-13.5734,69.3372
2026,Lafayette Leopards,Lafayette,321,100.6233,115.524,-14.9006,0.169654,0.334151,-0.030621,-16.9415,66.8369
2026,NJIT Highlanders,NJIT,322,97.2748,111.9439,-14.6691,0.165859,0.318342,0.073104,-12.2657,68.0527
2026,Tennessee Tech Golden Eagles,Tennessee Tech,323,101.831,117.251,-15.42,0.164995,0.281354,-0.012127,-14.5755,67.0404
2026,Loyola Maryland Greyhounds,Loyola MD,324,103.7125,119.5336,-15.8211,0.163459,0.287476,-0.038662,-16.6648,68.2134
2026,Bucknell Bison,Bucknell,325,98.8654,114.0154,-15.15,0.162519,0.372689,-0.015814,-18.0689,67.0806
2026,North Florida,North Florida,326,106.9505,123.6896,-16.7391,0.158131,0.397954,-0.09141,-18.8368,70.5531
2026,Little Rock,Little Rock,327,101.017,116.9166,-15.8996,0.156965,0.312522,-0.001682,-16.3289,66.4583
2026,Cal St. Bakersfield,Cal St. Bakersfield,328,101.4785,117.7387,-16.2602,0.153276,0.460245,-0.018872,-18.1709,70.0283
2026,New Haven,New Haven,329,96.0986,111.5159,-15.4173,0.153019,0.281245,0.015473,-13.054,63.4033
2026,Norfolk State Spartans,Norfolk St.,330,101.4537,117.9864,-16.5326,0.149807,0.258977,-0.024006,-13.2837,68.1167
2026,Eastern Illinois,Eastern Illinois,331,96.762,112.8895,-16.1275,0.145196,0.316738,0.001934,-15.1339,65.6305
2026,Manhattan Jaspers,Manhattan,332,103.8826,121.3415,-17.4589,0.143503,0.333031,0.034366,-16.108,67.9794
2026,Niagara Purple Eagles,Niagara,333,100.2132,117.0823,-16.8691,0.143179,0.333131,-0.068473,-18.0543,62.2415
2026,Holy Cross Crusaders,Holy Cross,334,100.812,117.9692,-17.1572,0.140951,0.319891,-0.004646,-18.0584,65.4626
2026,Jackson State Tigers,Jackson St.,335,101.0205,118.2381,-17.2176,0.140658,0.39899,0.072302,-13.8194,69.6023
2026,UTSA Roadrunners,UTSA,336,100.6059,118.1738,-17.5679,0.13577,0.498088,-0.042322,-18.6158,68.591
2026,Stonehill,Stonehill,337,92.1585,108.4422,-16.2837,0.133411,0.264014,-0.029421,-17.4562,66.3808
2026,North Alabama,North Alabama,338,99.9946,117.9267,-17.9321,0.130461,0.355041,0.00479,-17.0264,64.8356
2026,Fairleigh Dickinson Knights,Fairleigh Dickinson,339,100.7175,119.0995,-18.382,0.126988,0.295173,-0.040022,-16.5978,64.064
2026,Canisius Golden Griffins,Canisius,340,95.9035,113.6003,-17.6968,0.124831,0.335242,0.011145,-17.2844,64.0728
2026,Chicago St.,Chicago St.,341,100.0982,118.5883,-18.49,0.124628,0.381376,-0.067067,-19.0718,65.6579
2026,Army Black Knights,Army,342,99.7642,118.4343,-18.6701,0.122087,0.314008,0.011847,-17.3156,67.1744
2026,Air Force Falcons,Air Force,343,96.1411,114.1471,-18.006,0.121937,0.617498,-0.028821,-20.0269,66.3072
2026,Alcorn State Braves,Alcorn St.,344,97.2783,115.6177,-18.3395,0.120659,0.418063,0.036882,-16.2476,67.9648
2026,Northern Illinois Huskies,Northern Illinois,345,95.6787,114.1082,-18.4295,0.116526,0.432627,0.066175,-15.3943,67.509
2026,Southern Indiana,Southern Indiana,346,96.0081,114.8082,-18.8001,0.113393,0.272691,-0.119533,-20.3197,67.7118
2026,Citadel Bulldogs,The Citadel,347,100.2085,120.579,-20.3705,0.106396,0.331064,0.037533,-18.3176,64.1821
2026,Louisiana Monroe,Louisiana Monroe,348,101.2857,122.5158,-21.2301,0.100798,0.392134,-0.114389,-23.0483,70.2619
2026,Maine Black Bears,Maine,349,92.3703,111.7855,-19.4152,0.100297,0.307243,-0.046261,-20.4291,64.7642
2026,New Hampshire Wildcats,New Hampshire,350,95.5592,116.1437,-20.5845,0.095916,0.327904,-0.01916,-16.2901,67.4103
2026,Saint Francis,Saint Francis,351,100.6679,122.4919,-21.8239,0.09479,0.334383,-0.061759,-19.2945,70.0139
2026,North Carolina Central Eagles,North Carolina Central,352,100.335,122.4997,-22.1646,0.091511,0.294337,0.028219,-12.9645,65.777
2026,South Carolina State Bulldogs,South Carolina St.,353,95.5982,117.1013,-21.5031,0.088412,0.310927,-0.018058,-17.2568,68.8623
2026,Morgan State Bears,Morgan St.,354,99.0202,121.3119,-22.2917,0.088268,0.254323,0.061728,-12.9904,70.4648
2026,Bryant,Bryant,355,96.8635,120.06,-23.1966,0.078065,0.318705,0.01297,-17.7909,64.2383
2026,Rider Broncs,Rider,356,96.5799,120.1999,-23.62,0.074742,0.400446,-0.071813,-19.4273,65.6994
2026,Maryland Eastern Shore,Maryland Eastern Shore,357,93.3794,116.2499,-22.8704,0.074515,0.314467,-0.035722,-17.5297,63.2976
2026,Binghamton Bearcats,Binghamton,358,98.607,123.0858,-24.4788,0.072426,0.233292,-0.08221,-20.3672,65.5301
2026,VMI Keydets,VMI,359,99.0488,124.4469,-25.3981,0.067543,0.330624,-0.047439,-22.1794,66.8279
2026,UMKC,UMKC,360,93.0664,117.8635,-24.7972,0.062008,0.411569,-0.064152,-21.4712,69.7367
2026,Gardner Webb,Gardner Webb,361,95.7036,121.898,-26.1944,0.058295,0.41877,-0.059483,-22.9476,69.6101
2026,Delaware State Hornets,Delaware St.,362,88.5895,114.1708,-25.5813,0.051303,0.256829,-0.06885,-19.5833,65.4972
2026,Coppin State Eagles,Coppin St.,363,91.8687,118.9797,-27.111,0.048623,0.355803,0.020094,-18.9501,68.576
2026,Mississippi Valley St.,Mississippi Valley St.,364,91.2522,121.0978,-29.8455,0.037178,0.353862,-0.041856,-24.7781,67.2268
2026,Western Illinois,Western Illinois,365,92.8579,123.5526,-30.6947,0.036112,0.27228,-0.039091,-23.0065,66.4846
